<songs>
  <song name="out_of_touch_loop">
    <title>Out Of Touch</title>
    <rhythm>x...............o...x...........o.......x.......o.........x.....o...............x...o...........x.......o.......x.........o.....x...............o...x...........o.......x.......o.........x.....o...............x...o...........x.......o.......x+..........----</rhythm>
    <buildup>out_of_touch_buildup</buildup>
    <buildupRhythm>+...............................................................................................................................+...............................................................................................................................-.+.............................-.+.............................-.+.............................-.+.............................x.+.o.+.x.+.o.+.x.+.o.+.x.+.o.+.x.+.o.+.x.+.o.+.x.+.o.+.x.+.o.+.-.-.-.-.-.-.-.-.-.-.-.-.-.-.-.-+................................</buildupRhythm>
    <independentBuild>true</independentBuild>
  </song>
</songs>
